{"cameraMode":{"drawMode":0,"name":"Shaded","section":"Shading Mode"},"sceneLighting":false,"audioPlay":false,"sceneViewState":{"showFog":true,"showMaterialUpdate":true,"showSkybox":true,"showFlares":true,"showImageEffects":true,"showParticleSystems":true},"in2DMode":false,"pivot":{"x":-5.211450576782227,"y":29.615222930908204,"z":118.69247436523438},"rotation":{"x":-0.0413859598338604,"y":0.006584467366337776,"z":-0.00028730282792821527,"w":-0.9991357326507568},"size":504.8467712402344,"orthographic":false}