{"cameraMode":{"drawMode":0,"name":"Shaded","section":"Shading Mode"},"sceneLighting":false,"audioPlay":false,"sceneViewState":{"showFog":true,"showMaterialUpdate":true,"showSkybox":true,"showFlares":true,"showImageEffects":true,"showParticleSystems":true},"in2DMode":false,"pivot":{"x":336.60107421875,"y":206.177490234375,"z":-219.07864379882813},"rotation":{"x":0.014397588558495045,"y":-0.0014989810297265649,"z":0.000021206336896284483,"w":0.99989914894104},"size":4855.861328125,"orthographic":false}