{"cameraMode":{"drawMode":0,"name":"Shaded","section":"Shading Mode"},"sceneLighting":false,"audioPlay":false,"sceneViewState":{"showFog":true,"showMaterialUpdate":true,"showSkybox":true,"showFlares":true,"showImageEffects":true,"showParticleSystems":true},"in2DMode":false,"pivot":{"x":56.42577362060547,"y":97.3840103149414,"z":105.48196411132813},"rotation":{"x":0.01260201446712017,"y":0.0005915805231779814,"z":0.0000032289899536408486,"w":-0.9999266862869263},"size":566.5928955078125,"orthographic":false}