{"cameraMode":{"drawMode":0,"name":"Shaded","section":"Shading Mode"},"sceneLighting":false,"audioPlay":false,"sceneViewState":{"showFog":true,"showMaterialUpdate":true,"showSkybox":true,"showFlares":true,"showImageEffects":true,"showParticleSystems":true},"in2DMode":false,"pivot":{"x":-0.7684518098831177,"y":0.8866797685623169,"z":0.0},"rotation":{"x":0.24453939497470857,"y":0.22864222526550294,"z":-0.05945434793829918,"w":0.9404199719429016},"size":35.018680572509769,"orthographic":false}