{"cameraMode":{"drawMode":0,"name":"Shaded","section":"Shading Mode"},"sceneLighting":false,"audioPlay":false,"sceneViewState":{"showFog":true,"showMaterialUpdate":true,"showSkybox":true,"showFlares":true,"showImageEffects":true,"showParticleSystems":true},"in2DMode":false,"pivot":{"x":587.5660400390625,"y":171.1134033203125,"z":0.0},"rotation":{"x":0.048870787024497989,"y":-0.017977198585867883,"z":0.0008798531489446759,"w":0.9986450672149658},"size":354.61138916015627,"orthographic":false}