{"cameraMode":{"drawMode":0,"name":"Shaded","section":"Shading Mode"},"sceneLighting":false,"audioPlay":false,"sceneViewState":{"showFog":true,"showMaterialUpdate":true,"showSkybox":true,"showFlares":true,"showImageEffects":true,"showParticleSystems":true},"in2DMode":false,"pivot":{"x":54.801788330078128,"y":-1.495194435119629,"z":116.1561279296875},"rotation":{"x":-0.0413859598338604,"y":0.006584467366337776,"z":-0.00028730282792821527,"w":-0.9991357326507568},"size":22.0,"orthographic":false}